teks_bersih,label_asli,label_prediksi,benar
aplikasi kecewa kuota mb beli kuota go pay tidak saldo ribu,negatif,netral,False
isi ulang tidak bayar ojol tidak malu driver ragu pake,negatif,netral,False
error skrg transfer lapor duid tidak coba transfer bgtu jd transfer lapor duid belum hhmmff,negatif,netral,False
moga akun upgrade plus,positif,netral,False
sekrng aplikasi jelek lambat alas maaf ganggu teknis,positif,negatif,False
hadiah undang teman,positif,netral,False
gampang erti,positif,netral,False
moga bantu baik,netral,positif,False
admin baik,positif,netral,False
lebay updatenya bikin aplikasi lambat scan qris parah lot bikin malu pas bayar gamau transfer ewallet rekening biar bayar pake qris doang gabisa kah bikin ringan gitu kek bukan optimasi bikin lancar bikin fitur lebay bikin berat,negatif,netral,False
inti plenger,negatif,positif,False
ak kepeng uang,positif,netral,False
aplikasi konyol mlh aplikasi ngelag ngelag suka aplikasi parah aplikasi berat lancar buka nge lag hpnya berat aplikasi kocak,negatif,netral,False
saldo delay jam tidak buru buru platform,negatif,netral,False
tidak ngundang temen ribu undang temen ribu tidak kecewa tipu,positif,negatif,False
tidak manfaat,negatif,positif,False
tolong fitur jangan lelet aplikasi,negatif,netral,False
baguuss tidak ribet gampang kurang suka gift arena spin coin curang jirr spin an henti dadak hadiah tidak bagus jingg tolong,positif,negatif,False
knp tidak pake,negatif,positif,False
terimakasih cs dana gagal transfer,positif,negatif,False
daya claim coins coin tidak,negatif,netral,False
pulih akun kartu hilang,positif,negatif,False
promosi produk proposional baguus,positif,netral,False
aplikasi error bayar tidak deteksi ganggu,positif,negatif,False
aplikasi usak sistem telat bayar blacklist dri sistem cemar nama baik kotor nama tolong nama jangan nama jelek sistem,positif,netral,False
mudah limit jangn tetep limit,positif,netral,False
dapet diskon wdp pas jam pas dipake tidak,negatif,netral,False
aplikasi bagus mudah paham salah kait tukar kode voucher alam tukar kode voucher kode vouchernya beda tolong baik kait kode voucher kode bukan kode rebut kode klaim terima kasih,positif,netral,False
transaksi suka delay,netral,positif,False
pinjam muncul lacak ajja gituh,negatif,netral,False
mantap sayang tidak nomor ktp one by one,positif,netral,False
susah bilang,positif,negatif,False
ganggu tolong baik cepat,negatif,netral,False
aplikasi kesini error,negatif,netral,False
ribet error melulu,negatif,positif,False
saldo belum tunggu,netral,negatif,False
woi admin tolong baca chat top up wdp ml wdp,positif,negatif,False
saldo tidak transaksi transfer tolong bantu,negatif,netral,False
beli kouta tidak aktif kasih bintang bintang nol kasih wkwk,negatif,netral,False
coba pakai belum tau kembang bintang coba timbang terima kasih,positif,netral,False
uninstall aplikasi pinjam lunas terima kasih,positif,negatif,False
tolong developer baik metode bayar mengunakan qris media foto,negatif,netral,False
suka close top up game,negatif,netral,False
tahun coba fitur pinjam ek tolak mulu,negatif,netral,False
sulit daftar later,positif,netral,False
tidak scan qris,netral,negatif,False
otw dapet juta,positif,negatif,False
mudah urus cuman lambat sumpah appsnya,netral,positif,False
kenapaa yaa qris salah teknis tolong baik susah ken qris tidak gin,negatif,netral,False
bagus tidak tau uang,positif,netral,False
keren poko,netral,positif,False
gagal ngajuin pinjam,positif,netral,False
pinjam tolak tidak telat bayar menu pinjam bpkb ganti atur pinjam pake bpkb motor tidak butuh uang bayar,positif,negatif,False
aju pinjam tidak,positif,netral,False
semngt gitu,positif,netral,False
samapai baik,negatif,positif,False
coba nmr blmnya,positif,netral,False
malam baik sistem btuh dana urgent ewallet tidak praktis repot,negatif,positif,False
transaksi dm freefire ribu jamin saldo tidak saldo min,positif,negatif,False
ngelag woy,negatif,netral,False
bagus ngumpulin koin belanjain cuman block puzzle mainin notif ganggu teknis ud,positif,netral,False
later blokir gajelas tidak tunggak,positif,negatif,False
free biaya transaksi transfer bank fitur tarik kurang tolong complain live chat customer service biar kendala respon cepat,positif,negatif,False
bayar admin doang,positif,netral,False
gabisa login min tulis internetnya mati jaring lancar coba jangan bikin kecewa download ngalamin,netral,negatif,False
tidak akses pake data pake wifi terang gabisa akses sinyal mati tolong baik susah login pas good,positif,netral,False
bantu kurang paylater pulsa blum sedia akun terimakasih,positif,netral,False
sulit bnyak,negatif,positif,False
bikin gampang klo mo transaksi belanja,positif,netral,False
tidak transaksi kendala lupa pin tidak pin no hilang butuh bantaun solusi pin,positif,negatif,False
game hasil saldo bukan koin smua fitus,positif,negatif,False
cuman minus pinjam saldo sulit,positif,netral,False
kendala login,negatif,netral,False
bagus tidak cashback sayanh sskali,positif,negatif,False
transfer tidak baca progres saldo kurang tidak bantu,netral,negatif,False
suka tidak ribet,netral,positif,False
woi aplikasi tidak login ulang,netral,negatif,False
diskon customer,positif,negatif,False
aplikasi gajelas jaring bagus pas top up white screen gaada ujung,netral,negatif,False
tidak transfer upgrade plus lancar transaksi error,positif,netral,False
min kirim dana belum saldo ribu belum respon,positif,netral,False
knp tidak dri akun tolong kk akun blokir unistal aplikasi tolong blokir akun tidak aplikasi kasih bintang biar blokir,positif,negatif,False
not bad,positif,negatif,False
kurang bus,negatif,netral,False
pinjam dana tolak trus,positif,netral,False
voucer tolol tidak pakek,negatif,netral,False
pakai sdang kompertible fitur,netral,positif,False
bayar qris tidak dompet digital,negatif,positif,False
aplikasi taik,positif,negatif,False
cepat ringan,netral,positif,False
error transfer belum tolong bijak,negatif,netral,False
vouchernya kurang,positif,negatif,False
ganggu min tidak login,positif,netral,False
pingin aju pinjam,positif,netral,False
tenor pinjam klik,netral,positif,False
aplikasi bagus lambat proses,netral,positif,False
tidak kasih rating kasih tip,negatif,netral,False
lambat kirim,negatif,netral,False
kurang bagus tidak potong biaya ooh motong biaya,negatif,positif,False
suka pake,netral,positif,False
min nomor pake kartu ilang sandi lupa ganti no tidak masukin otp solusi min bayar belum lunas,positif,negatif,False
pinjam bagus riwayat pinjam nominal balikin belum jatuh tempo lunasin tidak hutang waktu aju butuh dana darurat blokir aju tolak alas kredit skor kurang,positif,negatif,False
tidak transfer wifi bagus error transfer tidak muly,negatif,netral,False
harga tinggi aneh promonya admin bank gede promo,positif,netral,False
pet tolong baik,negatif,netral,False
stuck bikin blank semenjak,positif,netral,False
belum bantu aju paylater pinjam syarat tidak terima knp tidak acc,netral,negatif,False
kocak bayar error,negatif,netral,False
susah saldo urgent gitu cs lambat hemmtt,negatif,netral,False
kesini males make fitur game kesini koin kecilin misi belum selesai koin kurang kurang bikin kecewa dibodohin aplikasi,negatif,netral,False
pinjam tolakk,negatif,netral,False
mlai mahal byar bli pulsa bli conter,negatif,positif,False
kenapaa aplikasi tidak ka,positif,negatif,False
bintang br coba hoax goppay hadia ulangtahun setela sara lengkap pripikasi tau ara slot modus,negatif,positif,False
layan bagus jamin aman belah aplikasi muat buru buru transaksi teknis jaring bagus coba anjing bayar pakai admin wallet potong admin baik transfer top up tolong baik,negatif,positif,False
jajan tidak dapet pinjeman murah doang,netral,positif,False
hadeh cape aing,negatif,netral,False
tarik rekening bca virtual account rp ratus ribu rupiah kamis maret transaksi tidak uang otomatis saldo knapa tidak saldo sisa saldo rp aneh rugi kareja cari uang ribu sulit narik keuantungan bawa pulang isteri hilang aplikasi tolong uang trims,positif,negatif,False
tolong biaya admin top upnya via indomaret alfamart rang bilang,positif,netral,False
aju tolok tolong apus data,negatif,positif,False
kurang baik susah proses pinjam,netral,positif,False
tidak buatin scan wallet ribet tau tidak gabisa scan qr gitu nyaman pke gopayy,negatif,netral,False
scanner lambat bikin malu stress,negatif,netral,False
pinjam bpkb nmax pilih tidak tahun gara gara tidak ajuin belum aplikasi tahun lambat aplikasi,negatif,netral,False
tidak senang biaya adminnya tidak bayar adminya rp gratis,negatif,positif,False
belum pakai skli,negatif,netral,False
waktu verifikasi plus kamera tidak yaa normal,negatif,netral,False
tidak buka kakak,negatif,positif,False
kendala ganggu teknis kirim tolong la prbaiki cepat nth,negatif,netral,False
ganggu sulit transaksi,negatif,netral,False
batas pakai coins bayar aplikasi aplikasi pilih coins pakai platform tutup kurang saldo beli,negatif,netral,False
frustasi pas uprage mode plus tidak uninstall install ulang uprege plus cepat hasil,positif,negatif,False
ketat aman ribet dikit belah hilang saldo samapi rp,positif,negatif,False
kurang puas akun bobol phak tidak tagungjawab tidak bnyak lapor komplain gd urus saldo kasih bintang krna jamin saldo,negatif,positif,False
maaf kak akun trus rusak akun rusak saldo juta trus cba akun akun uang hilang kak arah pliss modal,positif,negatif,False
bener baik,negatif,positif,False
lunas tuntas,positif,negatif,False
bagus si cuman data timbang jaring,positif,netral,False
baik ngak kendala,positif,netral,False
tidak ribet cepwt,netral,positif,False
jam isi itol pakai kartu tapcash belum isi saldo potong tolong,negatif,netral,False
tolak minimal kurang,negatif,netral,False
perhati tagih hanyar telat kada ngancam bukan orng tidak bayar kecuali telat,positif,negatif,False
seginih maff,negatif,positif,False
kasih bintang top up saldo kadang tidak akun go pay,positif,netral,False
download ken login kendala kode kirim coba kode otp dikirin bilang coba tunggu menit hadehh,negatif,netral,False
min bug unlimited claim coin party arena tolong fix min dar izin,positif,negatif,False
klo kasi bintang kasi bintang minggu mas aktivitas tidak wajar hadeh,negatif,netral,False
aplikasi suka tanpa,negatif,positif,False
interface aplikasi kadang jebak salah kurang teliti harap baik,negatif,positif,False
coba nampaknya nyaman tidak ribet,netral,positif,False
ganggu tolong,negatif,netral,False
malam takbir baik tidak transaksi,positif,negatif,False
klo pinjam ksh bintang,negatif,netral,False
top up potong gapunya hutang,positif,negatif,False
instal minggu discon,positif,negatif,False
ka nanya transfer no belum daftar no tidak aktip ngembalikan saldo,positif,negatif,False
harga paket data murah,negatif,positif,False
tidak ngisi pulsa aktivitas transfer nerima tidak tolong bantu uninstal sayang saldo,netral,negatif,False
knp aplikasi tidak buka trouble knp tlng baik,positif,negatif,False
ribet bangat,negatif,positif,False
kasih tolong bantu saldo hilang,positif,negatif,False
gabisa transfer livin,negatif,netral,False
aplikasi berat force close cari alami tidak nyaman,negatif,netral,False
data lengkap maaf tidak pinjam platform tidak menu hapus akun otomatis data jangan sebar salahgunakan data tagih nama tidak tanggung tidak segan lapor wajib detik unistal aplikasi terimakasih,netral,negatif,False
sukaa potong saldo,negatif,positif,False
ganggu mulu asa,negatif,netral,False
aplikasi fintech benchmark bayar qris berat kalah aplikasi belah buka kamera qris ringan tidak berat,negatif,netral,False
alami ganggu,negatif,netral,False
aju pinjam napa tidak,positif,negatif,False
coba dluyaa,negatif,netral,False
bayar tpt waktu belum japo jga setor bkn nyah bagus mlh tolak sayang klw tolak jng adakan limit,negatif,positif,False
ken bonus dm mobile legend tak dapet,positif,negatif,False
curi ribu tetep kasih bintang bagus,positif,netral,False
ngak login tolong kasih tau,positif,netral,False
tolong kasih limit gopaylater,negatif,positif,False
biaya admin top up mahal,negatif,positif,False
kecewa respon lambat,positif,negatif,False
gopaylater lunas tagih tolong limit kunci tidak tanggung tipu retas terima kasih,positif,negatif,False
aplikasi saldo hilang ribu bukti bayar tokopedia tidak transaksi aplikasi tokopedia,positif,negatif,False
lumayan bagus sayang pinjm tidak,netral,positif,False
aplikasi bagus klaim koin respon telat notifikasi pas tari dana game tidak respon notifikasi,positif,negatif,False
bintang firstly,positif,netral,False
aplikasi buka tolong bantu,positif,netral,False
tampa trus kendala tolong baik,negatif,netral,False
parah pnjaman sllu tolak,positif,negatif,False
bantu apknya,netral,positif,False
baik aktifitas tidak wajar kecewa saldo kgak kepake saldo sengaja kasih bintang biar muncul baca,positif,negatif,False
rispek ama nama jujur,positif,netral,False
tidak tipu,positif,negatif,False
tidak download kosong simpan kosong simpan,negatif,positif,False
alami tranksaksi gagal,negatif,netral,False
tolong akun deteksi aktivitas tidak wajar saldo tidak pake tolong baik tidak tindak aplikasi deteksi aktivitas tidak wajar bintang muncul cepat respon,positif,negatif,False
kadang aplikasi lambat wat beli,positif,negatif,False
kasih bintang bagus bintang,netral,positif,False
pake sinyal ngak pake wifi daftar,negatif,netral,False
mksdnya skrng tidak isi money hapenya gada nfc,negatif,netral,False
bintang gaass,positif,netral,False
kasih bintang biar cepat respon knapa tidak beli pulsa paket isi token pln bayar bpjs ni error tampil nunggu antri jam malam antri segitu jam saldo isi gin tidak top up baik perhati,positif,negatif,False
tenor kurang,positif,netral,False
harga murah akun deteksi aneh pas cek tidak aneh pas aman tidak bayar aplikasi,positif,negatif,False
bug dikit ganggu teknis mhon tingkat bos,netral,negatif,False
stop judol bintang kasih bintang bintang tenxi,negatif,netral,False
kenap syh tidak peripikasi wajah syh buka pinjam kendala tidak buka peripikasi wajah tidak buka,positif,negatif,False
asalamualaikum kog tidak,negatif,netral,False
aplikasi tipu isi ulang mm tidak aplikasi gamenya,positif,negatif,False
tidak akses pinjam later tolong bantu acc biar fitur transaksi,negatif,positif,False
ngebug klaim saldo dri hadiah tidak sma sekli,positif,negatif,False
ngelag jaringanya muat masyaallah abad,positif,netral,False
coba aplikasi,positif,netral,False
gila top up wdp mlbb dapet cashback full top up cuman rp doang sukses,positif,negatif,False
tes coba copy bagus tidak mudah mudah dolar,negatif,positif,False
paylater blum diaktifin,positif,netral,False
bantu kak aplikasi tidak transaksi terang lintas tidak wajar,positif,negatif,False
tolong bantuin pet tidak,negatif,netral,False
rusak kartu,positif,negatif,False
pinjam cair,negatif,positif,False
tidak transfer urgent tolong maintenance server baik,negatif,netral,False
lelet akun istirahat,negatif,netral,False
keilangan uang,negatif,positif,False
ambil dana,positif,netral,False
ngeleg sumpah pas buka kamera engga,negatif,netral,False
dana kyk ngembaliin beelian proses kyk mas zaman batu kuno,negatif,positif,False
kasih bintang akun say gacor terima kasih,netral,positif,False
rubynya gabisa dipake aneh bener aplikasi ganiat bikin aplikasi kah,netral,negatif,False
bagus wow,negatif,positif,False
baik bayar telat gara baik,positif,negatif,False
ksih bintang susah transfer cris,positif,netral,False
bagus tampil versi,negatif,netral,False
login bangett,netral,positif,False
tolong benerin developer saldo kemaren gajelas sumpah,positif,negatif,False
buruk layananya,negatif,positif,False
upgrade plus upload data bner,positif,negatif,False
kasi bintang voucher cashback tidak cashback penuh syarat langkah langkah tunggu cashback tidak dpt harap baik aplikasi ama admin akun tidak akun rusak,netral,negatif,False
baik top up money ngisi hasil gilir pas cek saldo tidak ngisi money ganggu teknis trus,positif,negatif,False
absen coins tidak biadab,negatif,netral,False
aplikasi tidak bagus saldo tb kurang transaksi scroll tiktok tb saldo kurang jamin saldo tidak nerima saldo nyesal percaya,netral,negatif,False
tolong ubah pin lupa no wa no tidak aktif kait email,negatif,netral,False
pakai kecuali,negatif,positif,False
tidak jual pulsa data,negatif,positif,False
top up diamond mobile legends gagal solusi transaksi,netral,negatif,False
tidak paylater,negatif,netral,False
proses cair pinjam susah aju,positif,netral,False
aplikasi rusak minus top up transfer bnyak tidak ewalet tidak aman saranin jangan pake minus tidak aman,positif,negatif,False
transaksi blum pinjam,negatif,netral,False
gampang tida ribet,positif,netral,False
moga manfaat sahabat,negatif,positif,False
moga bantu aktifitas,netral,positif,False
sngat cpat,netral,positif,False
knp tidak buka goopay dana oi bls lahh oi knp bilang jaringa tidak bagus na bagus ji oi astaga usaha oi,negatif,positif,False
lm pakai aplikasi ksh limit go paylater tb limit review ktnya limit jd turun blokir review aneh hapus limit ribet aplikasi,negatif,positif,False
limit paylater tidak isi pulsa pinjam tidak sitarik,negatif,netral,False
pet ero,positif,netral,False
tolong admin hadiah liga emas block puzzle copay coin blum akun sehat bantu terima kasih,positif,netral,False
suka error pas bayar jeda menit oi coba cepet detik buru,negatif,netral,False
maintenance parah,negatif,netral,False
tidak pinjam pinjam bpkb tidak biar hpus akun,negatif,netral,False
pas beli wdp rupiah muat hilang coba hasil tidak beli error muat gilir riset hilang,positif,negatif,False
aplikasi jlk ngeleg mulu kadang suka error,negatif,netral,False
transfer sea bank belum,negatif,netral,False
coin wartakjil belum coin,negatif,netral,False
kendala isi ulang,negatif,netral,False
samsung galaxy main,positif,netral,False
gppay tidak nerima uang,negatif,positif,False
baguss kemarin pas isi saldo tidak nama nama akun,positif,negatif,False
mudah pinjam mudah blacklist telat bayar lunas emejing,negatif,positif,False
mantap aplikasi mm bantu,netral,positif,False
download dapet,positif,netral,False
aju akunbpremium tolak klo sydah kasih bintang,negatif,netral,False
kdang sistem error ganggu genting,positif,negatif,False
keres kirim bukti otomatis,positif,negatif,False
ui jelek user experience bingung tolong dibenerin woy ui ux,negatif,positif,False
aplikasi byk error ny sumpah beli pulsa ribet jirt,negatif,positif,False
ganggu jam sore selesai tolong cepat,negatif,netral,False
kadang kode verifikasi pesan terkadang tidak muncul,positif,netral,False
transaksi tidak pernh acc mnding uninstall bnyak ewallet lbih baik,negatif,netral,False
ngapa gabisa gunain si lebaran,positif,negatif,False
tolong lagih sistem kemarin telanjur salah pencet pinjam rp langgan awam telanjur tanda tangan tidak pinjam situ lanjur proses jam otomatis cair bank mandiri bayar tagih kenapah bunga tinggi sisa lagih tolong benah lagih nama ripal harlan,positif,negatif,False
susah nf nyaa,negatif,positif,False
aplikasi error,positif,negatif,False
tolong fitur digopay hapus akun transfer org cari tidak menu cari tolong cepat iyaa,negatif,netral,False
pet jaring browsing lancar game lancar buka pet busuk cuman layar gelap baik pet hapus,negatif,netral,False
bug bagus,positif,netral,False
aplikasi sulit premium olah sulit,negatif,positif,False
tolong hidupin akun gopartner,positif,netral,False
neng pakai cuman pinjam pinjam limit tidak,positif,netral,False
males pakai aplikasi,negatif,positif,False
kesel isi pln tidak promo habis tidak promo cuman beli pln habis tidak beli,positif,netral,False
pinjam tidak digunakqn,negatif,netral,False
woi gopayy ni akun beli wdp chasback tidak uang kasih bintang biar liat,positif,negatif,False
aneh diskon pas tunggu jam pas ganti gabisa pake,netral,negatif,False
kecewa saldo later cicil pinjam limit juta skrng juta gara telat bayar denda tolong descall jaga omong maki tidak sopan pakai limit turun lunas uninstal kecewa,negatif,netral,False
kouta gb rupiah pulsa isi bayar aduh tagih,positif,netral,False
transfer uang bca jam malam jam subuh belum rekening tolong,negatif,netral,False
pinjam ringan tidak acc,negatif,positif,False
nggk bayar pakai qr,negatif,positif,False
lambat min,positif,netral,False
kecewa sa at butuh gin pake kecewa in isi ulang belum sdikit kemaren lumayan kecewa bank hasil ngk,negatif,netral,False
mn hadiaah jngn bohing,positif,negatif,False
tidak kasih uang hrusnya minimal ribu,positif,netral,False
top up hasil tap cash saldo enggak,netral,negatif,False
kasih bintang bang winda basudara,positif,netral,False
tolong banyakin hadiah,netral,positif,False
ganggu teknis mulu game puzzlenya kadang pencet sinyal bagus gitu mabar susah ganggu,negatif,netral,False
tolong aplikasi tingkat undang temen daftar komisi tidak,negatif,netral,False
aplikasi siru dlm sehri biso ngsh notifikasi aplikasi pengguno ngeraso teganggu,negatif,positif,False
aplikasi bengak error,negatif,netral,False
perbaikin aman kadang top up game tanpa masukin pin,negatif,netral,False
coba pinjam pinjam pinjam aju cepet bayar waktu telat data jelek tidak pinjam platpom sayang aplikasi bagus aman data kurang kasih bintang puas orng ajar,positif,netral,False
kasih bintang pas mencet heran tolong baik,positif,netral,False
tolong foto hapus tidak,positif,negatif,False
uang tahan belum,negatif,netral,False
parah nyuruh perangkat pas perangkat nmr teman teman cari dompet digital nyaman jgn pakai tidak,negatif,positif,False
aplikasi bagus kasih bintang cuman knpa skrg buka ngak,positif,netral,False
min tolong top up potong,negatif,netral,False
tidak buka baharu tidak jadul bimbing,positif,negatif,False
lambat wifi sinyal bagus pas transaksi ampun,negatif,netral,False
min transfer saldo isiny semalem transfer,netral,negatif,False
kendala ganggu pulih,positif,negatif,False
tahun pake pinjam kecewa bayar tagih jatoh tempo knp saldo bayar tidak langgan tahun bayar digopay,positif,netral,False
tak alam,positif,netral,False
keamananya kurang,negatif,netral,False
ngapain adain fitur pinjam sulit,netral,positif,False
gembel plit klo pijem pilih kasih babet,negatif,positif,False
lumayan mudah,negatif,positif,False
woy aplikasi berat semalem bayar qris gakbisa close force trus tolong jangan aplikasi oren berat buka ngelag ngelag,negatif,netral,False
pelit masak even pet hadiah rangin,netral,negatif,False
ribet aju pinjam,positif,negatif,False
lumayan sulut plus,positif,netral,False
sabtu maret lunasin tagih pinjam hapus akun pinjam tidak minjem akun pinjam hapus permanen aplikasi suryana tagiri terima kasih,positif,netral,False
transaksi gagal isi pulsa,netral,negatif,False
akun logout,positif,negatif,False
coba baik pake saldo gabisa,negatif,netral,False
gopaynya aneh klo cek in coinnya tidak tambahin curang jd malas curang main,positif,netral,False
aplikasi sinyal full bilang ganggu jaring,negatif,netral,False
aplikasi maksa iklan man tolong pas buka capcut iklan trus teleport tolong iklan ilangin woi muak iklan plis tolong hilang iklan,positif,negatif,False
transaksi pakai aplikasi harap aplikasi sistem tidak kecewa keluh aplikasi keluh kurang saldo akun tidak buka ragu ragu,netral,negatif,False
misi klw hilang saldo trus ktp akun tolong jwb,positif,negatif,False
pake saldo aman saldo suka balikin,positif,netral,False
isi data seluler proteksi ribu,negatif,netral,False
bug coin tidak bayar pakai coin,positif,netral,False
tidak pakai uang situ,positif,negatif,False
bagus fitur scan berat gila transaksi pakek qris susah tolong baik,negatif,positif,False
pakai playleter dn dana pinjam tidak aju pk pinjam dn tidak aktif leter tuna playleter dn dana pinjam,negatif,positif,False
kurang bagus login nunggu jam bintang ny,positif,negatif,False
tolong transferny muat belum proses,negatif,netral,False
aplikasi suka murah dapetin salo juta gacha kasih bintang,positif,netral,False
bnyk hadiah,positif,netral,False
maaf wdp gratis rupiah pas pencet elor mulu akun harap mlh pas pencet elor kecewa,netral,negatif,False
aplikasi bagus cuman upgrade plus kamera verifikasi ktp tidak developer baik,positif,netral,False
dompet digital bokbrok ganggu nyesel isi,negatif,positif,False
min ganti no no kartu ilang tidak login haru verifikasi bantu min,positif,negatif,False
tolong cepet baik transfer wallet mo ngirim orng susah,netral,negatif,False
tidak klaim link thr upgrade plus payah,negatif,netral,False
coins ngestag,positif,netral,False
bintang belum transaksi,netral,positif,False
baik tidak premium,positif,netral,False
tolong biaya didik tambahin kampus universitas buka ut,positif,netral,False
aplikasi coba error dev,negatif,netral,False
pinjam kw data lengkap tidak verifikasi,negatif,netral,False
kasih bintang ntar transfer susah ganti,positif,netral,False
aplikasi tidak mololoskan spylayter aplikasi bagus iklan tidak sesuai mersa tidak puas,negatif,positif,False
ringan aplikasi moga servernya stabil,positif,netral,False
aju pinjam tolak ngapai notif akun driver driver gocar pinjam bua hura usaha kecewa tidak kait males pake,negatif,netral,False
aplikasi malak bayar bayar pajak,negatif,positif,False
mudah cuman sayang fitur pinjam slalu tolak driver otomatis pake pinjam bpkb mobil thn tidak,positif,netral,False
tolong pinjam telat olah telat minggu bayar denda telat tidak nomor chat maki maki kasar ngancam jual data usaha bobrok kah perbaikin parah parah kasih bintang biar liat,positif,negatif,False
dahh updated mas bburik pas mw transfer lag jaring lancar,positif,netral,False
bintang kecewa transaksi kedalanya benerin napa emang tidak nungguin jam transaksi,netral,negatif,False
kasih bintang ufgraf potocopi,positif,netral,False
ckp bagus sk error sometimes,positif,netral,False
bingung transfer tidak nama id kirim tera dompet anak bangsa coba kek dana tu si kirim nama id lengkap,negatif,netral,False
terimah kasi,positif,netral,False
berat aplikasi jengkel buka qr maaf kentang timbang spesifikasi rendah,negatif,netral,False
tolong baik kemarin susah verifikasi tolong cepat,positif,netral,False
ganggu tidak reward pet tidak ganti akun,negatif,netral,False
tahun layan layan pinjam tempo tenor cicil maksimal tenor cicil,positif,netral,False
maaf kasih bintang aju pinjam later akun tolak jdi kasih bintang harap timbang ambil pinjam pinjam terima kasih,negatif,netral,False
apan top up diamon ml diamon tidak akun chat costumer service tidak leluasa komentar,netral,negatif,False
diupdate rusak tidak buka aplikasi hancur,negatif,netral,False
blum lm pake aplikasi kyaknya bagus mantab,netral,positif,False
qris error log out,negatif,netral,False
aplikasi kirekk,negatif,positif,False
bagus coba tukar kode coin anggap kadaluarsa dapet,positif,negatif,False
akun baik percaya aman,netral,positif,False
bintang bagus,positif,netral,False
anj scammer isi dm ngak id bener nama akun bayar ngak isi dm balikin saldo cepet,positif,negatif,False
baik pulsa puluh ribu,positif,negatif,False
tidak upgrade plus,netral,negatif,False
baharu gabisa buka yaa,positif,netral,False
akun tera jaring putus internet lancar,negatif,netral,False
not so bad,netral,negatif,False
baik sistem lambat tidak pakai,positif,negatif,False
pet tidak mainin layar hitam,positif,negatif,False
lambat pdahal sinyal bagus lambat,negatif,netral,False
tidak dapet coins si,negatif,netral,False
admin gopaybank fitur gratis isi ulang transfer aplikasi baik indomaret alfamart bank atm bri bca bni mandiri dll alfamidi minimarket dll mudah proses jalan tabung tanpa atm tolong fitur layan ppob bintang tanggap,positif,netral,False
lambat mulu ni aplikasi,negatif,netral,False
pinjam nyah jangan ribet tidak muter muter tingal sarat nyah nomer aktip nyah,positif,negatif,False
tolong tidak claim bonus liga koin hadiah tukerin kode engga,positif,netral,False
kasi bintang la belum lolos,positif,netral,False
erti tidak tele,positif,netral,False
error login fitur bantu kendala bantu tolong tingkat baik,negatif,positif,False
woi ganggu,netral,negatif,False
apikasi bagus cman sayang koin tidak pake koin hasil rewad tidak pake percumah game kucing rewad koin tidak dipake sma,negatif,positif,False
tidak daftar aplikasi tolong bos bobol tanpa tolong baik saldo saldo akun kasih bintang tidak baik akun tolong bantu bos tidak bantu baik resin aplikasi kurang aman tolong bantu bos,negatif,netral,False
erorkahh akun gabisa transfer saldo jga kak,netral,negatif,False
kasih makan kucing,netral,positif,False
ak suka,positif,netral,False
bintang trimaksh respon salah sangka baik,positif,netral,False
benernya ngebug uang gabisa tarik tolong proses biar cepet baik,positif,negatif,False
uang bayar aplikasi tlol,negatif,positif,False
coba promo wdp rupiah dri aplikasi buka promo tidak login koin tidak kurang,negatif,netral,False
bantu adanyaa cumaa survey ribu belum cair min isi survey,positif,negatif,False
tolong perbaikin pas top up game tulis aktivitas tidak wajar biar cek tolonf perbaikin,negatif,netral,False
transaksi ribet,negatif,positif,False
pakai edit lancar,netral,positif,False
kadang suka ganggu transaksi males kadang pakai,negatif,positif,False
aplikasi bagus alam pribadi pinjam telat bayar tagih baik rama terima kasih,positif,netral,False
bagus mutu,negatif,positif,False
akun blok bnyak saldo,negatif,positif,False
kurang layan,negatif,positif,False
tolong baik top up game free fire id akun,netral,negatif,False
pet jelek tidak imup upgrade imut gemas,positif,negatif,False
ribsr nongol,negatif,positif,False
kurng coin berkurng hilang set updet aplikasi,negatif,netral,False
bayar waktu bayar lunas lunas ngak pinjemin,netral,negatif,False
moga tidak kek dana bobol mulu,positif,netral,False
tahap pakai,positif,netral,False
kutang bagus,negatif,positif,False
nyesel pas waktu download bukan bagus jelek kurang,netral,negatif,False
tolong belum milik ktp narik yangg pakek data yaallah tolong kembang yahh,negatif,positif,False
tidak terima saldo via dana belum,netral,negatif,False
muas transfer potong beda dana,positif,negatif,False
maaf tidak transaksi,netral,negatif,False
bagus kasih bintang kemaren kemaren mudah beli paket cling bln kavision skrng susah payment jd ribet,positif,netral,False
ganguan barkot error baik,positif,netral,False
bos enggk buka bantu,positif,negatif,False
klw dpt reward bnyk,positif,netral,False
isi pulsa discam,negatif,positif,False
mulu jarang pake,negatif,netral,False
aplikasi ganggu mulu bikin emosi poko teliti pake aplikasi suka salah ngirim,positif,negatif,False
lambat transaksi jd lambat,negatif,positif,False
potong an admin tidak dana,negatif,netral,False
saldo ter refund nda saldo,negatif,netral,False
ganggu mulu tolong cepat makan susah ni,positif,netral,False
pake jdi cepat mw bayar,positif,netral,False
fitolak untik upgrade,positif,negatif,False
buka bikin lambat panas kumat stuck logo hapus unduh ulang aplikasi,netral,negatif,False
gagal transaksi,negatif,positif,False
tolong hapus aplikasi dunia digital ribet proses tari proses barcode,negatif,positif,False
beli voucher tidak pake pas bayar,negatif,netral,False
maaf ka saldo top up jta tidak pasuk limit saldo hilang,positif,negatif,False
tidak mengunakan spinjam tolong buka spinjam jangan sulit memeinjam,negatif,netral,False
tidak buka gopaynya,netral,negatif,False
ajar top up saldo agen brilink,netral,negatif,False
bantu min pinjam,positif,netral,False
mantap bagusbanget,netral,positif,False
loding transaksi lupa pin ganti pin trima kode wa baca tidak pakai pitur truss gi mna tolong bantu saldo masak ngk ambil masak gitu tolong kasih lus tolong pliss pliss ganti pin masukin kode otp muncul tidak pakai pitur,negatif,netral,False
hmm bagus,positif,netral,False
reward tiktok syaa tidak masukk,netral,negatif,False
tidak terima pinjam,negatif,positif,False
kirim lambatt,negatif,positif,False
main game ngulang gara iklan kucing lomba lari gobllook,negatif,netral,False
ganti nomor,positif,negatif,False
aplikasi tidak buka,netral,negatif,False
komtl tidak promo wdp,negatif,netral,False
berat bukan main baik,negatif,netral,False
tidak aju pinjam kasih bintang,positif,netral,False
sekrang beli pulsa nunggu,netral,negatif,False
coin tidak min klaim bukan klaim coin event tidak bug aplikasi tolong baik sia sia ngikutin event hadiah tidak,negatif,netral,False
gabung belum tau,netral,positif,False
pinjam limit glran aju tidak,positif,negatif,False
knp tidak transaksi,positif,negatif,False
top up hasil saldo tidak nambah parah sengaja bntang biar baca,positif,negatif,False
nge freeze ram males makek game size aplikasi,negatif,netral,False
tidak qr nii tolong devolover baik,negatif,netral,False
biar keditek kasih bintang pinjam belum si acc knp,positif,netral,False
saran biar tidak sesal jangan donglot,negatif,positif,False
akun tidak main,negatif,netral,False
hadiah tidak claim mulu,negatif,netral,False
aju pinjam tolak tanpa alas kuat bayar lancar nie pinjam beli token listrik mala batal tolak kga,netral,negatif,False
bug isi ulang wdp tidak min pas isi ulang dm tolong in saldo klo emg wdp tidak,netral,negatif,False
jangan kendor,positif,negatif,False
kecewa butuh dana peruses belum kelar aduh,negatif,netral,False
pas pinjam rupiah cepat koneksi gagal,positif,netral,False
baik mulu transfer tidak tolong baik aplikasi nyaman pake aplikasi,netral,positif,False
coba pinjam,positif,netral,False
aplikasi transaksi skrg transaksi tidak data yaa bikin hambat error bgini,negatif,netral,False
ribet so asik ui cek transaksi,negatif,positif,False
aplikasi fore close,positif,netral,False
kka solusi kirim dana salah no tidak aktif transfer terima kasih,positif,netral,False
minggu tidak transaksi pd akun go pay cs tidak bantu saldo go pay butuh tolong go pay indonesia percaya amanah,negatif,positif,False
aplikasi miskin pakai pinjam receh tolak trs,positif,negatif,False
kesini maubkasih bintang klo bintang pilih aplikasi tidak manfaat riba,negatif,netral,False
layan tidak muas tanggap konsumen lambat,negatif,netral,False
min tolong min akun tidak tukar kode promo min akun nak block min,positif,negatif,False
aplikasi berat poco berat gampang close,positif,netral,False
pis top up ilmg saldo,negatif,positif,False
aplikasi gakk bergunaa isi saldoo niattmyaa mauu beli kota pas mauu bayarr koata nyaa kagakk bisaa tulis transaksi kamuu gagal baik lahh min,negatif,positif,False
aplikasi begok tolol jaring bagus lambat aplikasi,negatif,netral,False
tolong perbaikin aju gopai pinjem,positif,netral,False
coba aplikasi moga baik baik tidak belah saldo telpon potong biaya admin buruk layan,positif,netral,False
sumpah ui ux tidak min fitur highlight fitur fitur utama aneh,negatif,positif,False
verifikasi tidak email sungguh sulit nomor hilang,positif,negatif,False
baruu sayaa aju pinjam nila juta an cair uang pindah aplikasi tunggu lamaa loadingnya batalin belum masukin sandi ehh pas cek duit ilangg riwayat transaksi tidak adaa limit pinjam ilang gimanaa nihh,positif,negatif,False
malam lebaran transaksi ganggu,positif,negatif,False
suka tidak mah,negatif,positif,False
suka error verifikasi wajah ambil simpan kadang kadang tidak wajah aneh,negatif,netral,False
sangant bagus mantap,negatif,positif,False
ajuin pinjam goopay tidak,positif,netral,False
gaya aplikasi sibuk daftar sibuk trus,negatif,netral,False
jujur kecewa tukar voucher diskon suka tidak dspetinnya susah bisayah tidak dituker alas voucher tidak mah dapet,positif,negatif,False
ganggu transaksi belanja ganggua tidak bahaya krna susah dada butuh,negatif,positif,False
daftar peengen coba,positif,netral,False
neng pakai transfer ampe beli kota end pulsa tidak dapet pinjam dri klu tidak dapet pinjam wes,positif,netral,False
coin tidak manfaat aktif later sulit tidak aplikasi dana,negatif,netral,False
aplikasi ny bagus wkwkwkwk,negatif,positif,False
dana pinjam bunga golong tinggi,negatif,netral,False
tidak selancar pas knp,positif,netral,False
kasi dana pinjam,positif,netral,False
respon baik,positif,netral,False
transfer ganggu teknis,negatif,netral,False
transaksi weekly diamond pass tidak diamond moga baik aplikasi,negatif,positif,False
top up doang,positif,negatif,False
pakai tahun wort it,positif,netral,False
kecewa promo welky diamond ml kli beli dapet cashbak dapet chasbak pas beli,netral,negatif,False
hadiah kurang tolong putar hadiah tolong hokiin,negatif,positif,False
tolong akun trus pin gilir masukin tulis instal ulang aplikasi playstor,netral,negatif,False
aplikasi bagus pakai lancar isi pulsa data tunda coba tolong baik resah tolong baik,negatif,positif,False
testy gaes,netral,positif,False
kasi bintang tidak aman hilang haldo,negatif,netral,False
suka tup tap robuxnya mahal,netral,positif,False
kcewa isi saldo mlh ilang males pake aplikasi ni jngn uang sayah kuras tanda transaksi,netral,negatif,False
bagus habis uang,positif,netral,False
aplikasi top up pake,negatif,positif,False
dpt ribu perdana undang teman,positif,netral,False
bos tolong ket pinjam uang ngajuin rp bayar cicil pinjam bayar belum potong jdi pinjam tidak bulat nerima aju pinjam enam cicil batal pinjam tidak ket tolong bantu ket terima kasih,positif,netral,False
bagus sj,netral,positif,False
ganggu teknis mulu ngapain,netral,negatif,False
kadang suka ngebug akun tolong kek,netral,negatif,False
top up belum saldo,netral,negatif,False
aplikasi tidak ganggu tidak transfer kluar akun mala tidak hati pikir download,positif,negatif,False
kasih bintang biar respon tolong adakan verifikasi wajah biar nomor hilang lupa pin pake verifikasi wajah akun premium nomor hilang plus lupa pin ngk verifikasi wajah susah ganti nomor akun,positif,negatif,False
tidak saldo gratis aplikasi,netral,positif,False
kurang rangin baik jangan banyakin potong doang,negatif,netral,False
pls bikin iklan jangan maksa,positif,negatif,False
aplikasi bagus masak dowload suruh baik,netral,positif,False
kasih bintan,negatif,positif,False
tidak tidak otp wa sms,negatif,netral,False
ken dapet uang,netral,positif,False
bagus baik cepat transfer susah,negatif,positif,False
ribet pinjam pinjam darurat,positif,netral,False
aplikasi lag bug tidak tahan tidak baik henti pake aplikasi,positif,negatif,False
parah lemott error tolong baik sulit bikin kesal,negatif,netral,False
sinyal ngelag jaring hilang,negatif,netral,False
allhamdulilah semenjak uang sisa kasihin anak anak yatim dll,positif,netral,False
sekian tolak cari biaya obat bintang,negatif,positif,False
aplikasi gila uda isi saldo gabisa ngapa in,positif,negatif,False
parah aplikasi isi ribu top up ribu pake top up ribu tidak saldo sisa ribu,netral,negatif,False
aplikasi biaya transfer gratis potong admin,negatif,positif,False
tolong isi internet,positif,negatif,False
bagus jarang delay,positif,netral,False
only use this aplikasi for purchasing mobile data package but suddenly there was notification that owed to only bought mobile data package damn it,negatif,positif,False
kesini parah,negatif,netral,False
error event,negatif,netral,False
aplikasi bagus ganggu transfer ganggu,netral,positif,False
baik susah ngirim ewalet,netral,negatif,False
auto bintang saldo tidak msuk tidak coba alami,negatif,netral,False
nyesel top up tidak,positif,negatif,False
metode transfer ribet,negatif,positif,False
bagus si promo game dpt wdp rp gabisa bayar saldo abis voucher keburu hangus hadeh neng padahall,positif,negatif,False
updatean error,negatif,netral,False
aplikasi nomor waahidun,positif,negatif,False
main gopet asik coin kesini bikin males main kasih makan siang misi kasih makan ilang coin tidak main rewards skrg coinnya dikit voucher tidak gede coin voucher,negatif,netral,False
gangguam teknis mulu tidak kelar kelar ganggu,netral,negatif,False
check in reward plus tidak saldo lansung coin aplikasi belah kasih saldo lemah aplikasi,positif,netral,False
koin tidak klaim login,negatif,netral,False
thr tahun hangus tahun tidak,negatif,netral,False
semenjak tidak beli pulsa yaa,netral,negatif,False
maaf kelola aplikasi aju keluh bug tidak bayar pakai aktifitas curiga bayar tolong baik terimakasih,positif,negatif,False
tolong baik lupa pin ngk transaksi nomer ngk aktif lh fitur masak wa sms akun goggle kait kode ganti sandi ngk aplikasi saldo dlam tolong baik,negatif,netral,False
akun sakit mulu voucher gabisa dipake lelet klo games asa berat sinyal bagus bukan kentang,netral,negatif,False
aplikasi lelet gaenak nyimpan uang,negatif,positif,False
puas moga baik promo untung konsumen setia maksimal terimakasih,negatif,positif,False
dana belum hasil dana aman simpan uang dana sedot diam tanpa beritahu notif kasih bintang biar sapa tau baca klo dana iklan persen uang butuh uang sedot diam tollong,netral,negatif,False
ram muat tidak buka qris jual tolong baik sistem biar enteng,positif,netral,False
ui ubah balikin stlh ui kurang tarik,negatif,netral,False
tolong aktif normal dompet kunci blokir,positif,negatif,False
jelek ancur bayar tagih tidak klik sllu,negatif,netral,False
pulsa kuotax mahal promox tidak potong transaksi mahal,negatif,netral,False
woyy berat aplikasi elu kurang rangin process background bikin biar ringan gila buka kamera qris menit tidak buka kamera kurang rangin makan ram woy aplikasi laen tutup gara gara si,negatif,netral,False
alfamart indomaret susah tarik tunai alas dikenain biaya tidak fitur tarik tunai minimarket,netral,positif,False
akun tidak buka selaluh ganggu teknis internet bagus tolong bantu,positif,netral,False
kak maaf hapus akun ngajuin pinjam tolak hapus akun tidak jdi tolong data jaga hapus tulis tidak hubung,negatif,netral,False
bagus kasih bintang,positif,netral,False
tidak rekomendasi aplikasi sampah transfer bank biaya admin mahal sengaja ngasih bintang biar baca woy elu baca cok,positif,negatif,False
bagus apl id ff digit temu,netral,positif,False
tolong baik kirim dana kk,positif,netral,False
info tidak upgrade premium ambil foto ktp selfie gagal belum ambil foto lambang muter muter tengah doang,netral,negatif,False
baguss semogaa aman tingkat tidak kek belah download si saran yaa opsi jangan bayar tagih minimal kasih notif tidak dana bayar tagih,positif,netral,False
apps buruk telkomsel untung layan keong,negatif,positif,False
usia tahun tidak pinjam dana coba usia tidak batas pinjam dana lancar,negatif,netral,False
usaha mandiri maju,netral,positif,False
aju pinjam tidak tolak trus transaksi,positif,netral,False
tidak bayar rp wdp baik tidak lambat,negatif,netral,False
transfer via walet gin jd kurang puas langgan,negatif,netral,False
aplikasi alami top up tak transaksi,negatif,netral,False
tolong baik,negatif,netral,False
lambat gin qr mulu kocakkm,positif,netral,False
aplikasi buruk nyusahin aktivitas tidak tidak klik link baik terima kasih,negatif,netral,False
ngisi dana proses bantu aplikasi bingung,negatif,positif,False
error minggu,positif,negatif,False
uang belum msk msk,netral,negatif,False
transaksi lot mnta ampun tidak dapet paylater tidak point plus klo cuman bayar gtu doank mah platform auto uninstal alih dana cepat dapet dana cicil,negatif,netral,False
harap baik,negatif,positif,False
bagus pakai tim lapor kendala bayar qris coba transaksi muncul notifikasi baik sistem bayar transaksi gagal informasi ganggu layan qris pelihara sistem terima kasih,positif,netral,False
sayang tidak payletter,positif,netral,False
sayang opsi cair dana bank,positif,netral,False
apknya udha bagus bayar sekian terimakasih,netral,positif,False
tidak taut akun game uang sia sia habis beli saldo,netral,negatif,False
aplikasi tolong dibenerin rendem voucher,negatif,netral,False
main block puzzle tulis tidak ruang kosong aneh sistem poin kek gin tidak percaya ss gin anying,negatif,netral,False
bagus fitur kurang uang ribu ilang,negatif,positif,False
case belum clear,negatif,netral,False
hilang no handphone lupa pin solusi,negatif,netral,False
lambat buka aplikasi ngelag sblm tidak,negatif,netral,False
tidak kirim notif pinjam klo tidak ngajuin buang waktu buka notif,positif,negatif,False
login ribet kebanyaakan otp,negatif,netral,False
lumayan dapet goco isi ulang game,positif,negatif,False
suka pake aplikasi trf free admin beli terang dp cb gopaypoin tida proses jdi kecewa,negatif,positif,False
bantu lupa pin,positif,netral,False
kode otp ngirimnya,negatif,netral,False
belum penuh syrat pinjam gara belum transaksi,positif,negatif,False
cs respon cepat cs judul,negatif,netral,False
top up tidak ribetbgtt,positif,negatif,False
aplikasi delay aneh sinyal bagus delay trus buru buru,negatif,netral,False
ksi bintang aju tolak tau dmn salah,netral,negatif,False
sayang tenor bukan nambah kurang bengkak cicil,negatif,netral,False
min lupa pin nomor daftar hilang bantu ganti pin tanpa kode otp nomor hilang min,positif,negatif,False
bikin ktp tidak proses aju,positif,negatif,False
pinjam error,negatif,netral,False
saldo tidak kocak,positif,negatif,False
pinjam tidak acc kecewa,negatif,netral,False
transfer bank jam uang proses tolong bantu make uang bantu cepat kak,negatif,positif,False
top up nomor salah posisi angka solusi,positif,negatif,False
jujur bagus promo tidak si plis pas pake kode promo lanjutin bayar bilang tidak penuh syarat beli tanpa kode promo plis tolong jangan,netral,negatif,False
tidak tranfer dana,positif,negatif,False
saldo money tolong baik,netral,negatif,False
top up game uang,negatif,positif,False
tidak saldo gratis,negatif,positif,False
hadiah kartu gosok tidak,negatif,positif,False
cek saldo nfc kartu commuterline susah telknis tolong minn,negatif,netral,False
motor pajak aktip bpkb pinjam pinjam bpkb tidak alas plat nomer daerah sombing bfi bintang nol kasih nol bintang,negatif,netral,False
kasih pet tidak dimainin blank tolong baik klo transaksi alhamdulillah lancar cuman game gopat pet,positif,netral,False
bagus pinjam tolak,netral,positif,False
lelet biaya transfer tokopedia,negatif,positif,False
transaksi wdp rupiah nge lag scam,negatif,netral,False
lupa pin nomor saha hilang ribet,negatif,netral,False
tidak percaya,negatif,positif,False
aplikasi kasi bagus meme blokir nomor wa jdi tidak login kn,positif,netral,False
hadiah saldo suka,positif,netral,False
akun tidak notifikasi atur tlp atur,positif,netral,False
pake bagus kurang pinjam knp bilang kurang kemarin chat dc ancam rumah telat bayar hutang lupa tanggal bayar opsi pinjam hilang otomatis opsi tagih hilang timbang suruh dc tagih jgn ancam malu tidak pemberitahuan aplikasi terimakasih,negatif,netral,False
bagus beli pulsa top up gem,positif,netral,False
maksa klo ngeupdate,negatif,netral,False
sengaja kasih bintang baca waduk transaksi tidak ken main peet tidak kocak kgk beli pulsa rp kuota alah nipu aplikasi,positif,negatif,False
nyuruh istirahat jam kocak,positif,negatif,False
bayar pinjam delay belum selesai delay,positif,negatif,False
iye meni ganggu atuh matak te betah tidak nyaman tolong baik tidak transfer duh,negatif,netral,False
kekmana fitur top up game hilang donglot hapus,negatif,positif,False
kasih bintang pakai,negatif,netral,False
henti langgan one hapus potong one aman,positif,netral,False
transfer uang download go pay plus,negatif,positif,False
ganggu kah tidak login,positif,negatif,False
idah baya tagih tidak,negatif,netral,False
ringan mangkin kesini aplikasi mangkin berat ringan berat tidak smooth,positif,netral,False
baik fitur lengkap,positif,netral,False
tolong sayaa bru dwonload aplikasi top up uang blum,netral,positif,False
ajak teman ribu tidak,negatif,positif,False
sanget bantu,negatif,positif,False
bloon baik tidak liat jam jam sibuk baik pake duit jd tidak bloon bener,negatif,netral,False
tidak kendala fitur tolak aju,positif,negatif,False
ni aplikasi bagus leter denda tidak ribu telat tidak muncul aplikasi berat,negatif,netral,False
fitur bagus berat ram berat tolong next optimalisasi,positif,netral,False
kaget denda lambat rubah tagih ribu denda ribu uninstall,positif,negatif,False
aktif gopaylater,positif,negatif,False
sin hancur ni ni parah kecewa,positif,negatif,False
plus tampil aplikasi beda ngeleg ip pm kadang tidak scan qris cresh,negatif,netral,False
usaha mo login jangan mo daftar surat lamar mati amatt login usaha jangan iklan benci iklan,positif,negatif,False
saldo kurang tidak transaksi,netral,negatif,False
berat aplikasi abis,negatif,netral,False
tidak dibatalin,negatif,netral,False
aplikasi bagus ganggu maap kecewa,negatif,positif,False
aplkasi gonblok,negatif,positif,False
habis tampil ubah aplikasi berat jalan,negatif,netral,False
suka ganggu pake qris,negatif,netral,False
transaksi cepat kirim ewallet biaya mahal,netral,positif,False
niali daptar,netral,positif,False
bos izin saran pinjam ribu ribu ribu rbu ribu syarat ktp kk batas usia tahun baik terimakasih bos sekian aman aman jam tidak transfer transfer ganggu sistem tidak bos qiers bantu terimakasih bos selamat malam,positif,negatif,False
tidak armada buka loss tunggu semggat tidak tau tidak tindak aplikasi loss gampang kuasa pasar,positif,negatif,False
tidak saran bug beli voucher cashback saldo tidak,negatif,netral,False
perdana pakai,netral,positif,False
cuman ngetes trim,positif,netral,False
kirim walet tidak,negatif,positif,False
kirim uang dana belum,positif,netral,False
tolong baik aplikasi upgrade plus tidak foto pas tidak burem tolak plis tolong respon,negatif,netral,False
mantap minjam ratus,positif,netral,False
ken tidak dibolehin mama beli kouta,netral,negatif,False
tidak suka,negatif,positif,False
qris tidak transaksi semangkin semangkin buruk,netral,negatif,False
lambat gopaylater tinggal spaylater shopee paylater tahun transaksi toko shopee paylater tidak gopaylater toko ritel qrisnya fungsi shopee milik negara singapura percaya rakyat indonesia bandung gopaylater saham milik rakyat indonesia miris menang sesuai fakta,positif,negatif,False
takut rugi ngebagi wekly diamond pas rupiah takut rugi mah jangan wdp bilangin mah,netral,negatif,False
tingkat layan baik,netral,positif,False
tidak versi,negatif,netral,False
bagus sayang pinjeman susah dana tolong bantu,positif,netral,False
qris pending,negatif,netral,False
anae tibak ganguan sedih bnget lagan pergi tolong cepat,negatif,positif,False
belum pake merchant mending download,positif,negatif,False
kurang saldo,negatif,netral,False
spp transfer tidk pake qr,negatif,netral,False
kesini jelek dapetin promo wdp rp error gajelas abistu abis pas besok coba kasi notif vhocer kocak aplikasi nge bug pake error,positif,netral,False
transaksi gagal muat klik bayar gagal ayo baik biar suka aplikasi,negatif,positif,False
bagus tolak ngajuin paylatr,positif,netral,False
ferivikasi susah,netral,negatif,False
transaksi gagal saldo tidak,positif,negatif,False
tanpa ktp,netral,positif,False
aplikasi bagus pecernya gabisa pake tidak cesbek tulis dapet cesbek,netral,negatif,False
nunggu ennggak bnyak,negatif,positif,False
tidak pinjam bpkb jangan info dung masak item tidak klik,negatif,netral,False
aplikasi lumayan bagus,netral,positif,False
akun tidak promo voucher tolong baik cepat lapor tidak baik,negatif,netral,False
coin terkadang claim coinnya tidak tolong baik,positif,netral,False
bintang so pakai,negatif,positif,False
tidak buka bayar,positif,netral,False
kendala reward game block puzzle tolong cepat baik kendala teknis,positif,netral,False
tolong baik cepat transfer dana tidak,positif,netral,False
knp pinjam tidak acc lancar bayar bukan kalinpinjaman,netral,positif,False
suka anak belum ktp takut aman belum,netral,positif,False
sedia pitur pinjam transaksi pakai aplikasi iyaa gagal gaguna emg,negatif,positif,False
nyaman kl transfer uang,positif,netral,False
aplikasi rusak sengaja kasih bintang muncul kendala transaksi tidak tulisanya gopulsa error aplikasi gj aplikasi rusak dis like,positif,negatif,False
bayar pake kiris tidak,positif,netral,False
saran guys pake dana,positif,negatif,False
ganggu kahh beli paket data gagal mulu,netral,negatif,False
fiktur bagus,positif,netral,False
mudah transaksi coin pet,positif,netral,False
koinsaya tidak masulagi,positif,negatif,False
salah waket tidak bobot berteletele sistem ribet transaksi bolak imbang walet laut lh,negatif,positif,False
bagus transfer gratis jangan pakai laternya telat bayar denda ribu pinjam ribu,positif,negatif,False
aneh tampil ubah tidak kek dana ama shopeepay tidak nyaman gitu friendly ngerti tidak gaada menu bi fast aplikasi bi fast bank indonesia transfer virtual acount tidak gratis transfer bank kah tulis gratis biaya,negatif,positif,False
tidak aktifin pinjam,negatif,positif,False
coba belum pakai ak kasih bintang bagus kasih,positif,netral,False
aju pinjam tolak,negatif,netral,False
kurang segi layan adu tingkat spesifik,negatif,positif,False
bikin akun tolong baik,positif,netral,False
pakai mudah cepat bintang kasih tidak sesuai mekanisme pakai fitur tidak ubah pake pinjam fitur pinjam pulsa dll,negatif,positif,False
nga bisah donglot,negatif,positif,False
promo bonus kadang tidak transaksi,positif,netral,False
tingkat pelayananya biar betah,netral,positif,False
cafa ngembaliin saldo salah tranfer min,positif,negatif,False
bagus aplikasi ngebantu isi ulang tolak riwayat bayar cicil waktu belum jatuh tempo bayar tolong mudah isi ulang,positif,negatif,False
wdp ml gratis,positif,negatif,False
bagus mudah pinjam banget bayar tidak bayar akses tutup dalih tidak aju ulang juni bayar bukan pinjam tagih trs tanpa tau bayar gmna hati pakai pinjam,negatif,netral,False
fitur pinjam tolong jangan lempar aplikasi saran,negatif,netral,False
isi kuota aplikasi kuota tidak gb kceewa,negatif,netral,False
pakai gopulsa,positif,netral,False
aplikasi culun,negatif,positif,False
bug kah min coin claim tidak,negatif,netral,False
real kah bnus,negatif,positif,False
aplikasi busuk,positif,negatif,False
scam aplikasi undang teman upgrade plus tidak dapet ngundang link upgrade plus,negatif,netral,False
bantu ubah nama transfer boss,negatif,positif,False
min tidak ngasih wdp gratis kasih tau min tunggu jam muat gabisa pencet jd scam,netral,negatif,False
tidak pasang,positif,netral,False
biaya adminnya mahal ngirim wallet potong gt potong coba ngerampok,negatif,netral,False
aplikasi pas top up lelet jaring bagus baik,negatif,positif,False
aplikasi tolong,positif,netral,False
kasih bintang biar baca ngirim uang potong potong dikit klo rugi,positif,negatif,False
upgrade plus,positif,negatif,False
tolong mind bantu akun pas login kode otp no tidak aktif bantu mind bantu mind saldo biaya anak sakit rumah sakit akun login kode otp pusing mind bantu mond bantu ngak gin pakai saldo tolong min,netral,negatif,False
min ngelag hape,positif,negatif,False
jelek bagus dana,netral,positif,False
transfer nominal kurang sii,negatif,positif,False
goapay baik,negatif,positif,False
beli dm ff auto hoki,positif,negatif,False
hem aneh dikit min andal gamer top uop tidak main super sus susah top uop min gamer main ml super sus tidak main terima kasih baca terimakasih,positif,netral,False
min knp tidak beli kuota gb min,positif,negatif,False
kurang muas potong ribu transfer,negatif,netral,False
beli gift card robux tidak dapet codenya tolong baik kurung ulas developer merespon baik selesai terima kasih developer,positif,negatif,False
penuh syarat bos,positif,negatif,False
ka klo pake qris tidak,netral,negatif,False
baik bagus cepat,negatif,positif,False
terima kasih go pey,negatif,positif,False
game tanpa ganggu,positif,netral,False
biyaya lambat mahal pdahal tidak tau tagih lambat rebu utang rebu dajal darat karma amin,negatif,netral,False
tidak login pas buka nunggu jam pas nunggu install ulang aplikasi hadeh kasih bintang baca,positif,negatif,False
bagus investasi ajar uang digital coba aplikasi,netral,positif,False
plis bikin saldo unlimited,positif,negatif,False
aktivasi ulang blokir buka blokir dompet selma bln belum jam jalan blokir toolong bantu aktivasi ulang aman,positif,negatif,False
pat tidak buka layar hitam login dapet coin gin kasih star,negatif,netral,False
tidak cocok,negatif,positif,False
jual pulsa komplan nasaba,negatif,positif,False
aplikasi tutup payah driver bukan kasih sejahtera kasih aplikasi error baik baik top up bca flazz tidak multi trip nfc money tidak isi brizzi kartu kereta transjakarta,netral,negatif,False
transfer dana lancar jaya gratis,positif,netral,False
pas pakai baik rusak cemana,negatif,netral,False
baik aktivitas,positif,negatif,False
proses cepat ngk pengaruh jaring,positif,netral,False
min otomatis bayar tagih langgan aplikasi tidak,positif,negatif,False
susah mendownload,negatif,netral,False
tidak fitur tranfer,negatif,positif,False
maaf kasih bintang,negatif,netral,False
aplikasi batu ubah proses beli pulsa nomor telkomse memiliih paket data tidak bantu beli pulsa data tolong tampil rekomendasi paket,netral,positif,False
knpa akun blokir susah mnyampai kluhan dana hilang,positif,netral,False
why is it that every time try to withdraw cash at alfa the reason is that there no money available the last time was around pm at the alfa on jl agus salim batu and couldn withdraw cash for an unreasonable reason no money available is it really unavailable or what that always the excuse,netral,positif,False
bintang coba pakai,positif,netral,False
coba moga tidak kek dana hilang saldo,positif,netral,False
error tidak saran,negatif,netral,False
woii ganggu teknis tolong lahh top up tidak cek belum saldo ganggu teknis,positif,negatif,False
isi kuota pulsa ngak,negatif,netral,False
rating biar baca keluh aplikasi butuh bayar ganggu lapor cs tidak bayar pakai qris baik sistem kalah pakai aplikasi,positif,negatif,False
bner uang,positif,negatif,False
coin beranda minggu dapet coin main pet reward,positif,negatif,False
maaf bintang isi pulsa pulsa nomor top up bri gagal,negatif,netral,False
tipu cashback tipu uang hilang,netral,negatif,False
jngn mulu donk makan ruang,positif,negatif,False
bagus daftar kakak tolong ajar kk,negatif,positif,False
jangan download aplikasi transfer uang tidak no rekening kasih bintang saudara,positif,negatif,False
ruby tidak,negatif,netral,False
kesini aplikasi berat ram gb,negatif,netral,False
aplikasi kapitalis kang clickbait,negatif,positif,False
ganti email sulit nomer aktif tang aneh,negatif,netral,False
lancar kirim moga uang kaget dana lol,positif,negatif,False
rungsing baik,negatif,positif,False
top up toll potong saldo toll tidak tidak solusi uang raib kecewa,positif,negatif,False
ribet klo pinjam,negatif,positif,False
oi beli pulsa kemarin tidak uang ambil pulsa tidak hedeh lumayan,netral,negatif,False
transaksi baik ewallet bank error,negatif,netral,False
mantap jam tanpa nunggu jam,positif,negatif,False
babi aplikasi apan ni saldo potong anjink,negatif,netral,False
top up game tidak muat trs kak kasih uang tidak ribu kak pas temen belum download pas invite tidak dapet uang,positif,negatif,False
top up roblox,positif,netral,False
email tidak aktif no kode otp sulit dri email,negatif,netral,False
kebnyakan bag,negatif,positif,False
aplikasi sulit error tidak trsfer,negatif,netral,False
hadiah uang,negatif,positif,False
test yaa,positif,netral,False
pemngembalian dana transsaksi belum proses sudab minggu tunggu tau transsaksi nama one one langgan tidak tau dana cepat duit,netral,negatif,False
alami transfer hasil transfer aplikasi tidak,netral,negatif,False
tahap coba,positif,netral,False
aplikasi bagus sayang kendala responya lambat saldo potong tidak nmr,negatif,netral,False
fitur tidak kompatible hape fitur oppo tidak kompatibel saldo jdi dompet simpan uang simpan uang tabung buka playstore tidak kompatibel fitur handphone pas buka handphone iphone fitur tidak pemberitahuan developer,negatif,netral,False
akun sultan top up,positif,negatif,False
kendala spin ruby kecewa tidak spin error alas baik tidak tau beneran baik belum tolong cepat baik baik ruby spin hadiah,positif,netral,False
tak transaksi tak aplikasi,negatif,positif,False
banding grab ovo tidak ribet mitra driver,positif,negatif,False
upgrad gopayplus susah foto asli identitas sesuai tidak,netral,negatif,False
premium gimna,netral,negatif,False
baguskasi bintang,positif,netral,False
si redeem code wetv beli knpa jual tidak redeem platform nyaa,negatif,netral,False
lunasin besok aju acc tidak,positif,negatif,False
tlng ajar main game,positif,netral,False
isi ngak nunggu,positif,negatif,False
aneh kamera tidak buka nama bank beda kocak ni aplikasi,negatif,netral,False
